IP Address,Login Source,Login Date & Time
175.136.155.61,Mobile,"Aug 6, 2016, 9:32:23 PM"
221.133.32.3,Web,"Feb 5, 2020, 6:15:49 AM"
202.188.58.196,Mobile,"Feb 9, 2020, 2:49:50 AM"
202.188.58.196,Web,"Feb 9, 2020, 9:16:12 AM"
175.139.180.82,Web,"Feb 14, 2020, 8:25:55 AM"
202.188.58.196,Web,"Feb 16, 2020, 2:57:37 AM"
1.32.17.50,Web,"Jul 30, 2020, 1:37:46 AM"
118.100.5.115,Web,"Sep 22, 2021, 4:58:47 PM"
2001:d08:138f:30fc:20a0:ab2e:fd0:9997,Mobile,"Jul 4, 2023, 9:10:50 AM"
192.228.159.46,Web,"Jun 16, 2024, 2:13:51 PM"
192.228.165.50,Mobile,"Jun 22, 2024, 10:14:20 AM"
192.228.165.50,Web,"Jun 23, 2024, 3:04:26 AM"
192.228.156.107,Web,"Jul 17, 2024, 2:52:29 AM"
192.228.156.107,Web,"Jul 18, 2024, 9:59:30 AM"
221.133.32.3,Web,"Aug 1, 2024, 6:39:24 AM"
