Media Filename,Media Caption
media/31C63E4B-D0EF-49FD-A33B-71B51786BD62.jpg,""
media/46BCB858-15DB-4450-8655-6F750B011377.jpg,""
media/AE771ACF-EAAA-4DE0-8C6B-BEE7B191D1A4.jpg,""
media/3BB801B3-F656-431B-8C2D-3779C6D9C09A.jpg,""
media/DC75973C-36AB-4409-8DE6-AF8B89F09724.jpg,""
media/A6B2D486-3B38-4062-A075-136DCF3D0E8D.jpg,""
media/D2DA27E7-99E2-44D0-B89C-C439E8355F89.jpg,""
media/215E7BE4-7BB0-4EA6-819D-6F52886BD6A3.jpg,""
media/F51DE381-197E-45D9-B995-2BB262976201.jpg,""
media/B12EC1C6-35E6-4448-9E87-616F4106DB4F.jpg,""
media/0C2BEE3F-27A5-4632-8EC1-B88290D6A8A1.jpg,""
media/F9F3FF10-FA1A-4D74-8FBB-A47707C99587.jpg,""
media/3FA00F12-C081-4B5D-BBA8-420183D05792.jpg,""
media/5D116D4D-512E-4FDD-B018-F0A98B542634.jpg,""
media/BBFC6279-A721-408F-8094-1B17973CD00A.jpg,""
media/3A26F9E9-99B0-46F7-B716-C8333FDA973C.jpg,""
media/B61AD3FF-E8FC-43FF-AB3D-29E4140B6AE5.jpg,""
media/C93FCB9E-CA2F-4543-A08B-589152E3D59B.jpg,""
media/DBF96B4B-C8F6-4BD2-ABF2-4EB57CFF956C.jpg,""
media/827999ED-DB75-4456-8DD2-AE999E9F6AAA.jpg,""
media/7A8DBD34-D754-4EBB-A30E-E18000E9EED8.jpg,""
media/22BED40F-5D16-4FA8-B09A-60BF4CBFD32B.jpg,""
media/FF2D489C-502C-4B76-A24A-C98807F9D305.jpg,""
media/B3175601-B159-4690-AD0E-7B18652024B8.jpg,""
media/3E2A17AB-10B9-4DA8-A1C7-B2CF66386346.jpg,""
media/B033B805-07D0-4AA7-87EA-5C9304D8E62E.jpg,""
